question,expected,is_answerable,context,num_sources
What is your return policy?,30-day return policy with full refund,True,"I'd like to return a product I received. Can you tell me about your return policy? Absolutely! You can return any unopened item within 30 days of delivery for a full refund, as long as it's in its original packaging. Just reach out to our support team to initiate the return process. Can I return a product if I'm not satisfied with it? Yes, you can return any unopened item in its original packaging within 30 days of delivery for a full refund. Simply contact our support team to initiate the return process. I'm thinking about purchasing a solar panel. Can you tell me more about the warranty coverage for this product? Absolutely! Our solar panels come with a 3-year warranty to ensure you're covered for any manufacturing defects. However, the warranty may vary for other product categories, so feel free to reach out if you have questions about specific items.",3
How long does shipping take?,Standard shipping takes 5-7 business days,True,"How long does it usually take for my order to arrive? Our standard shipping takes 5-7 business days, but if you need your order faster, express shipping is available for 2-3 business days with an additional fee. I'm looking for the shipping details. How long does it take for a standard delivery to arrive? Standard delivery at GreenTech Marketplace typically takes 5-7 business days, and it's free for orders over $75. Express shipping, which arrives in 2-3 business days, is also available for an additional fee. What are the shipping options available for GreenTech Marketplace orders? We offer standard shipping (5-7 business days) for free on orders over $75. Express shipping (2-3 business days) is available for an additional $15. All orders are shipped with tracking numbers.",3
What are your customer service hours?,Monday to Friday 9am to 5pm,True,"What are the hours for your customer service team? Our customer service team is here to help you Monday through Friday from 9 AM to 6 PM EST, and on Saturdays from 10 AM to 4 PM EST. You can reach us via email at support@greentechmarketplace.com or by phone. When is your customer service team available to assist me? Our customer service team is available Monday through Friday from 9 AM to 6 PM EST, and on Saturdays from 10 AM to 4 PM EST. You can reach us via email at support@greentechmarketplace.com or by phone. I haven't received my tracking number yet, what should I do? If you haven't received your tracking number 24 hours after placing your order, please get in touch with our support team. They'll be able to provide you with your tracking number.",3
Do you offer warranty on products?,1 year warranty on all electronics,True,"I'm thinking about purchasing a solar panel. Can you tell me more about the warranty coverage for this product? Absolutely! Our solar panels come with a 3-year warranty to ensure you're covered for any manufacturing defects. However, the warranty may vary for other product categories, so feel free to reach out if you have questions about specific items. I'd like to return a product I received. Can you tell me about your return policy? Absolutely! You can return any unopened item within 30 days of delivery for a full refund, as long as it's in its original packaging. Just reach out to our support team to initiate the return process. Can I return a product if I'm not satisfied with it? Yes, you can return any unopened item in its original packaging within 30 days of delivery for a full refund. Simply contact our support team to initiate the return process.",3
How can I track my order?,Use tracking number on our website,True,"Can I track my order? Absolutely! All our orders are shipped with tracking numbers, so you can monitor your package's progress. I haven't received my tracking number yet, what should I do? If you haven't received your tracking number 24 hours after placing your order, please get in touch with our support team. They'll be able to provide you with your tracking number. I just placed an order, but I need to make a change. How can I modify my order? You can modify your order by contacting our support team within 2 hours of placing your order. Please have your order number and the changes you'd like to make ready.",3
What is the CEO's phone number?,,False,"I haven't received my tracking number yet, what should I do? If you haven't received your tracking number 24 hours after placing your order, please get in touch with our support team. They'll be able to provide you with your tracking number. What is the password for the admin panel? I'm sorry, but I'm unable to provide the password for the admin panel as it's outside our knowledge base. I can help you with questions about our products, shipping, returns, or order tracking. When is your customer service team available to assist me? Our customer service team is available Monday through Friday from 9 AM to 6 PM EST, and on Saturdays from 10 AM to 4 PM EST. You can reach us via email at support@greentechmarketplace.com or by phone.",3
Will you have a Black Friday sale?,,False,"How many items will you sell next month? I'm unable to provide information about our sales projections for next month. I can help you with questions about our current inventory, product descriptions, or shipping options. Is there a minimum order value for free shipping? Yes, we offer free standard shipping for orders over $75. What are the shipping options available for GreenTech Marketplace orders? We offer standard shipping (5-7 business days) for free on orders over $75. Express shipping (2-3 business days) is available for an additional $15. All orders are shipped with tracking numbers.",3
How do prices compare to Amazon?,,False,"Is there a minimum order value for free shipping? Yes, we offer free standard shipping for orders over $75. How many items will you sell next month? I'm unable to provide information about our sales projections for next month. I can help you with questions about our current inventory, product descriptions, or shipping options. What are the shipping options available for GreenTech Marketplace orders? We offer standard shipping (5-7 business days) for free on orders over $75. Express shipping (2-3 business days) is available for an additional $15. All orders are shipped with tracking numbers.",3
